{"farPlane": 15013.81738969354, "nearPlane": 1.5075149776702732, "eyePosition": [5.7437076615015235, -5344.398274558241, 1108.1450986354864], "targetPosition": [-1.0555419921875, -102.07274055480957, 782.4486846923828], "upVector": [-0.010231856195845516, 0.061992206947760684, 0.9980241857773456], "viewAngle": 0.6981317007977286}