{"farPlane": 15013.81125645484, "nearPlane": 1.5013817389693542, "eyePosition": [4.906201217923771, -4698.667989941032, 1068.027018079418], "targetPosition": [-1.0555419921875, -102.07274055480957, 782.4486846923828], "upVector": [-0.010231856195845516, 0.061992206947760684, 0.9980241857773456], "viewAngle": 0.6981317007977289}