{"farPlane": 15013.821477788873, "nearPlane": 1.511603073001457, "eyePosition": [-463.0943340391803, -7164.2690564508, 1697.6384059046816], "targetPosition": [-1.0555419921875, -102.07274055480957, 782.4486846923828], "upVector": [-0.00038151652508262645, 0.12853987447531365, 0.9917042679725705], "viewAngle": 0.6981317007977268}